<?xml version="1.0" encoding="UTF-8"?>
<rss version="2.0"
	xmlns:content="http://purl.org/rss/1.0/modules/content/"
	xmlns:wfw="http://wellformedweb.org/CommentAPI/"
	xmlns:dc="http://purl.org/dc/elements/1.1/"
	xmlns:atom="http://www.w3.org/2005/Atom"
	xmlns:sy="http://purl.org/rss/1.0/modules/syndication/"
	xmlns:slash="http://purl.org/rss/1.0/modules/slash/"
	>

<channel>
	<title>Events &#124; Notre Dame School &#124; New Delhi &#187; ndsuser</title>
	<atom:link href="http://www.notredamedelhi.com/activity/?feed=rss2&#038;author=1" rel="self" type="application/rss+xml" />
	<link>http://www.notredamedelhi.com/activity</link>
	<description></description>
	<lastBuildDate>Mon, 02 Dec 2019 08:24:14 +0000</lastBuildDate>
	<language>en-US</language>
	<sy:updatePeriod>hourly</sy:updatePeriod>
	<sy:updateFrequency>1</sy:updateFrequency>
	<generator>http://wordpress.org/?v=3.5.1</generator>
		<item>
		<title>Pre-Primary Annual Day Report</title>
		<link>http://www.notredamedelhi.com/activity/?p=760</link>
		<comments>http://www.notredamedelhi.com/activity/?p=760#comments</comments>
		<pubDate>Sat, 30 Nov 2019 10:12:29 +0000</pubDate>
		<dc:creator>ndsuser</dc:creator>
				<category><![CDATA[General]]></category>

		<guid isPermaLink="false">http://www.notredamedelhi.com/activity/?p=760</guid>
		<description><![CDATA[On 26th November 2019 Pre-Primary Wing of the Notre Dame School celebrated its Annual Day. The theme of the Annual Day was &#8220;Every drop Counts&#8221;. Dressed up in vibrant colours, the tiny tots of Notre Dame School won the hearts of the parents and the guest of honours. The invitees were mesmerised by the confident [...]]]></description>
				<content:encoded><![CDATA[<p>On <strong>26th November 2019</strong> Pre-Primary Wing of the Notre Dame School celebrated its Annual Day.</p>
<p>The theme of the Annual Day was &#8220;Every drop Counts&#8221;.</p>
<p>Dressed up in vibrant colours, the tiny tots of Notre Dame School won the hearts of the parents and the guest of honours. The invitees were mesmerised by the confident performance of the little one who conveyed the beautiful message that every drop of water is precious. Hence forth we have to use it wisely and save it for the future generations to come.</p>
]]></content:encoded>
			<wfw:commentRss>http://www.notredamedelhi.com/activity/?feed=rss2&#038;p=760</wfw:commentRss>
		<slash:comments>0</slash:comments>
		</item>
		<item>
		<title>Principals&#8217;s Day Celebration</title>
		<link>http://www.notredamedelhi.com/activity/?p=757</link>
		<comments>http://www.notredamedelhi.com/activity/?p=757#comments</comments>
		<pubDate>Sat, 30 Nov 2019 09:29:45 +0000</pubDate>
		<dc:creator>ndsuser</dc:creator>
				<category><![CDATA[General]]></category>

		<guid isPermaLink="false">http://www.notredamedelhi.com/activity/?p=757</guid>
		<description><![CDATA[On 23rd of November, Notre Dame campus looked awesome with children moving in costumes, the Principal&#8217;s office decorated with flowers, ribbons and balloons and the stage adorned with a lamp to be lit. Principal Sr.Mary Alice and the Headmistress Sr.Mary Tanya were welcomed with much affection which could be seen in the eyes of the [...]]]></description>
				<content:encoded><![CDATA[<p>On <strong>23rd of November</strong>, Notre Dame campus looked awesome with children moving in costumes, the Principal&#8217;s office decorated with flowers, ribbons and balloons and the stage adorned with a lamp to be lit.</p>
<p>Principal Sr.Mary Alice and the Headmistress Sr.Mary Tanya were welcomed with much affection which could be seen in the eyes of the students. Sr.Mary Alice and Sr.Mary tanya were honoured with special prayer service by the Student Council members. An array of programme followed. Some dances, a qawwali performance, meaningful dance dance dramas, some words of appreciation , gifts, cards and bouquets were presented to the Sisters with reverence. The students expressed their love for the pillars of our school through their hard work which was seen in their performances.</p>
<p>The day ended with the blessings of our Sisters leaving their hearts filled with love and joy. the programme was a success</p>
]]></content:encoded>
			<wfw:commentRss>http://www.notredamedelhi.com/activity/?feed=rss2&#038;p=757</wfw:commentRss>
		<slash:comments>0</slash:comments>
		</item>
		<item>
		<title>Children&#8217;s Day Celebration</title>
		<link>http://www.notredamedelhi.com/activity/?p=752</link>
		<comments>http://www.notredamedelhi.com/activity/?p=752#comments</comments>
		<pubDate>Sat, 30 Nov 2019 09:16:47 +0000</pubDate>
		<dc:creator>ndsuser</dc:creator>
				<category><![CDATA[General]]></category>

		<guid isPermaLink="false">http://www.notredamedelhi.com/activity/?p=752</guid>
		<description><![CDATA[&#8220;Children are not things to be moulded, but are people to be unfolded.&#8221; &#8211; Jess Lair Children&#8217;s Day is celebrated to commemorate the birth anniversary of &#8220;Chacha Nehru&#8221;, the first Prime Minister of India. This year as the pollution level crossed limits in Delhi, the schools were closed on the 14th of November. Therefore, Children&#8217;s [...]]]></description>
				<content:encoded><![CDATA[<p>&#8220;Children are not things to be moulded, but are people to be unfolded.&#8221; &#8211; Jess Lair</p>
<p>Children&#8217;s Day is celebrated to commemorate the birth anniversary of &#8220;Chacha Nehru&#8221;, the first Prime Minister of India.</p>
<p>This year as the pollution level crossed limits in Delhi, the schools were closed on the 14th of November. Therefore, Children&#8217;s day was celebrated on the <strong>20th of November</strong> in Notre Dame School, Badarpur.</p>
<p>The school glowed with the bright smiles of the children and the stage looked bright and beautiful as the teachers dressed up in attractive attires. The Children&#8217;s day programme began with a melodious song sung by the teachers, followed by a play staged in a very humorous manner which laid emphasis on the importance of education. The programme ended with a beautiful dance performance by the senior and the primary teachers and with the blessings of our Principal Sr.Mary Alice. The students were given some energizing refreshments in their respective classes. The day was a special and enjoyable one for all!!</p>
]]></content:encoded>
			<wfw:commentRss>http://www.notredamedelhi.com/activity/?feed=rss2&#038;p=752</wfw:commentRss>
		<slash:comments>0</slash:comments>
		</item>
		<item>
		<title>STUDENT CULTURAL EXCHANGE PROGRAM 2019</title>
		<link>http://www.notredamedelhi.com/activity/?p=746</link>
		<comments>http://www.notredamedelhi.com/activity/?p=746#comments</comments>
		<pubDate>Sat, 30 Nov 2019 06:02:31 +0000</pubDate>
		<dc:creator>ndsuser</dc:creator>
				<category><![CDATA[General]]></category>

		<guid isPermaLink="false">http://www.notredamedelhi.com/activity/?p=746</guid>
		<description><![CDATA[The student cultural program is an innovative initiative by the CBSE to promote healthy and amicable environment amongst students of two schools. It not only unites two school groups but also promotes friendship in an effective way to build bridges among students from different backgrounds. Under this program Notre Dame School Badarpur and GBSSS No [...]]]></description>
				<content:encoded><![CDATA[<p>The student cultural program is an innovative initiative by the CBSE to promote healthy and amicable environment amongst students of two schools. It not only unites two school groups but also promotes friendship in an effective way to build bridges among students from different backgrounds.</p>
<p>Under this program Notre Dame School Badarpur and GBSSS No 1 Badarpur, had their cultural exchange on <strong>22October and 24 October 2019.</strong> On the 22nd , 30 boys from Notre Dame School visited GBSSS No1 Badarpur, where they were welcomed by the Principal, Staff and students with lot of warmth and affection. The students of both the schools exhibited their talent through skit, dance , mime and a patriotic song. Mr Shailender , Cluster Resource Centre Coordinator encouraged the students by his motivating speech and also taught a song to the students of both the schools. Students of both the schools interacted with each other and shared food amongst themselves.</p>
<p>In the second spell the gracious Notre Dame family received neighbouring school guests with lot of warmth and affection on the 24th of October 2019 by our school Principal Sr Mary Alice , staff members and other students with the school band which made it more special for them. As a tradition of Notre Dame School, the program started with a solemn prayer song and a welcome speech by the Principal. It was followed by patriotic song by the students of Notre Dame School. The guest school presented few cultural programs like action song, skits on social issues as ‘Beti Bachao Beti Padao Yojna’. They beautifully explained how education and employment of women is essential for the progress of our country. Students also discussed how plastic is damaging our environment. Few games were also organized in which children demonstrated exemplary spirit and had great fun. The students let their taste buds experience and relish the Indian delicacies with much taste and fun.</p>
<p>At the conclusion of the program, Mr B N Dubey , Cluster Coordinator blessed the gathering and appreciated the exchange program and was overwhelmed by the hospitality and participation of both the schools. As a token of love and to greet Diwali wishes, the host school presented handmade card and diyas to the guest students and teachers.<br />
The program was a milestone in our personal and professional journey of knowing each other. This report cannot be concluded without mentioning the unstinted support and involvement of : Mr B N Dubey, Mr Shailendar, Dr N P Sharma and Sr Mary Alice.<br />
We wish this relationship between Notre Dame and GBSSS No 1 Badarpur to grow from strength to strength with each passing year.</p>
]]></content:encoded>
			<wfw:commentRss>http://www.notredamedelhi.com/activity/?feed=rss2&#038;p=746</wfw:commentRss>
		<slash:comments>0</slash:comments>
		</item>
		<item>
		<title>Health and Physical Education (HPE)  SEWA by  Std.XI</title>
		<link>http://www.notredamedelhi.com/activity/?p=739</link>
		<comments>http://www.notredamedelhi.com/activity/?p=739#comments</comments>
		<pubDate>Fri, 22 Nov 2019 04:48:15 +0000</pubDate>
		<dc:creator>ndsuser</dc:creator>
				<category><![CDATA[General]]></category>

		<guid isPermaLink="false">http://www.notredamedelhi.com/activity/?p=739</guid>
		<description><![CDATA[On September 7, 2019 students of XI B took part in a day&#8217;s activities of an NGO named &#8216;Jansharnam&#8217; in Molarband extension. This NGO is taken care of by Mr.Ramanshu Verma and his team which consists of six teachers. Students of Class XI B presented a cultural programme for 140 children. They sang songs, discussed [...]]]></description>
				<content:encoded><![CDATA[<p>On <strong>September 7, 2019</strong> students of XI B took part in a day&#8217;s activities of an NGO named &#8216;Jansharnam&#8217; in Molarband extension. This NGO is taken care of by Mr.Ramanshu Verma and his team which consists of six teachers.</p>
<p>Students of Class XI B presented a cultural programme for 140 children. They sang songs, discussed with children about their problems and motivated them to continue their studies. The children of the &#8216;Jansharnam&#8217; also showcased their talents. Students distributed notebooks, clothes and had sweets together.</p>
<p>Notre Dame school students took this service under the guidelines of CBSE HPE programme. It was an enriching visit for the students, mentors, children and the ladies of the NGO.</p>
]]></content:encoded>
			<wfw:commentRss>http://www.notredamedelhi.com/activity/?feed=rss2&#038;p=739</wfw:commentRss>
		<slash:comments>0</slash:comments>
		</item>
		<item>
		<title>Seminar by Sr.Mary Alice</title>
		<link>http://www.notredamedelhi.com/activity/?p=733</link>
		<comments>http://www.notredamedelhi.com/activity/?p=733#comments</comments>
		<pubDate>Mon, 14 Oct 2019 08:28:45 +0000</pubDate>
		<dc:creator>ndsuser</dc:creator>
				<category><![CDATA[General]]></category>

		<guid isPermaLink="false">http://www.notredamedelhi.com/activity/?p=733</guid>
		<description><![CDATA[&#8220;Let yourself be drawn by the stronger pull of that which you truly love&#8221; &#8211; Rumi On the 28th of September, as the staff stood on the threshold of a new semester, Sr.Mary Alice (Principal) reminded the teachers of the noble profession or say vocation they are into. She recommended innumerable ways in which the [...]]]></description>
				<content:encoded><![CDATA[<p>&#8220;Let yourself be drawn by the stronger pull of that which you truly love&#8221; &#8211; Rumi</p>
<p>On the<strong> 28th of September,</strong> as the staff stood on the threshold of a new semester, Sr.Mary Alice (Principal) reminded the teachers of the noble profession or say vocation they are into.</p>
<p>She recommended innumerable ways in which the staff could actually improve, motivate and bring out the best in the students.</p>
]]></content:encoded>
			<wfw:commentRss>http://www.notredamedelhi.com/activity/?feed=rss2&#038;p=733</wfw:commentRss>
		<slash:comments>0</slash:comments>
		</item>
		<item>
		<title>Class room Management</title>
		<link>http://www.notredamedelhi.com/activity/?p=730</link>
		<comments>http://www.notredamedelhi.com/activity/?p=730#comments</comments>
		<pubDate>Mon, 14 Oct 2019 08:21:35 +0000</pubDate>
		<dc:creator>ndsuser</dc:creator>
				<category><![CDATA[General]]></category>

		<guid isPermaLink="false">http://www.notredamedelhi.com/activity/?p=730</guid>
		<description><![CDATA[Resource person &#8211; Mrs.Kavita Iyer &#8220;I never dreamed about success, I worked for it&#8221;- Estee Lauder Methods very logical, practical and pragmatic was shared by Ms.Kavita Iyer from Orient Black Swan Publication on classroom management. She emphasized on managing learners, resources and the room(space). Her inputs were then implemented in the class room by the [...]]]></description>
				<content:encoded><![CDATA[<p>Resource person &#8211; Mrs.Kavita Iyer</p>
<p>&#8220;I never dreamed about success, I worked for it&#8221;- Estee Lauder</p>
<p>Methods very logical, practical and pragmatic was shared by Ms.Kavita Iyer from Orient Black Swan Publication on classroom management.</p>
<p>She emphasized on managing learners, resources and the room(space). Her inputs were then implemented in the class room by the staff and found it to be very suitable. Critical thinking, technology and other life skills has now become a part of everyday teaching. Students now seem to be enjoying their lessons!</p>
<p>Thanks to Mrs.Kavita Iyer!</p>
]]></content:encoded>
			<wfw:commentRss>http://www.notredamedelhi.com/activity/?feed=rss2&#038;p=730</wfw:commentRss>
		<slash:comments>0</slash:comments>
		</item>
		<item>
		<title>Seminar on Healthcare</title>
		<link>http://www.notredamedelhi.com/activity/?p=727</link>
		<comments>http://www.notredamedelhi.com/activity/?p=727#comments</comments>
		<pubDate>Mon, 14 Oct 2019 08:13:24 +0000</pubDate>
		<dc:creator>ndsuser</dc:creator>
				<category><![CDATA[General]]></category>

		<guid isPermaLink="false">http://www.notredamedelhi.com/activity/?p=727</guid>
		<description><![CDATA[&#8220;Let us receive all we need from the Lord of our Father&#8221; &#8211; St.Julie Billiart On the 16th of September, (Dr).Sr.Mary Prema Raj educated the staff of Notre Dame on &#8216;Prevention and Proactive Healthcare&#8217;. She insisted on catch-em-young! from childhood good habits ought to become a part of growing up. She requested the staff to [...]]]></description>
				<content:encoded><![CDATA[<p>&#8220;Let us receive all we need from the Lord of our Father&#8221;     &#8211; St.Julie Billiart</p>
<p>On the 16th of September, (Dr).Sr.Mary Prema Raj educated the staff of Notre Dame on &#8216;Prevention and Proactive Healthcare&#8217;. She insisted on catch-em-young! from childhood good habits ought to become a part of growing up. She requested the staff to empower students with knowledge of health plan related activities and make them responsible human beings.</p>
<p>The staff elected members for the core committee and has started working to Practise, Promote and Propagate&#8230;. issues related to good health of mind and body!</p>
]]></content:encoded>
			<wfw:commentRss>http://www.notredamedelhi.com/activity/?feed=rss2&#038;p=727</wfw:commentRss>
		<slash:comments>0</slash:comments>
		</item>
		<item>
		<title>Teachers Day Celebration</title>
		<link>http://www.notredamedelhi.com/activity/?p=722</link>
		<comments>http://www.notredamedelhi.com/activity/?p=722#comments</comments>
		<pubDate>Wed, 18 Sep 2019 06:35:34 +0000</pubDate>
		<dc:creator>ndsuser</dc:creator>
				<category><![CDATA[General]]></category>

		<guid isPermaLink="false">http://www.notredamedelhi.com/activity/?p=722</guid>
		<description><![CDATA[&#8220;I never dreamed of success, I worked for it&#8221; &#8211; Estee Lauder On the 5th of September, 2019 Notre dame Campus lent an air of festivity as it was decked up for the most awaited Teachers day. The morning started with a prayer service followed by an array of cultural programme, showcased by the students [...]]]></description>
				<content:encoded><![CDATA[<p>&#8220;I never dreamed of success, I worked for it&#8221; &#8211; Estee Lauder</p>
<p>On the 5th of September, 2019 Notre dame Campus lent an air of festivity as it was decked up for the most awaited Teachers day.</p>
<p>The morning started with a prayer service followed by an array of cultural programme, showcased by the students of the school.</p>
<p>Teachers were served refreshments and then they spent sometime interacting with students in the class rooms&#8230;.chatting and dancing to their tunes for a change!</p>
<p>A grand a-la-Carte was arranged for the teachers. Prayers , bouquets and gifts followed.</p>
<p>Sr. Mary Shaija delivered a special message to the staff on the special occasion, while Sr.Mary Alice thanked the staff for all the support she experiences and blessed them in all their future endeavours!</p>
]]></content:encoded>
			<wfw:commentRss>http://www.notredamedelhi.com/activity/?feed=rss2&#038;p=722</wfw:commentRss>
		<slash:comments>0</slash:comments>
		</item>
		<item>
		<title>Student Council 2019-2020</title>
		<link>http://www.notredamedelhi.com/activity/?p=717</link>
		<comments>http://www.notredamedelhi.com/activity/?p=717#comments</comments>
		<pubDate>Tue, 17 Sep 2019 05:44:09 +0000</pubDate>
		<dc:creator>ndsuser</dc:creator>
				<category><![CDATA[General]]></category>

		<guid isPermaLink="false">http://www.notredamedelhi.com/activity/?p=717</guid>
		<description><![CDATA[&#8220;Ride the energy of your own unique spirit&#8221; &#8211; G.Roth President : Aadhya Singh Vice President : Sumit Yadav Secretary : Sakshi Bhatt Cultural Secretary : Ishika Sharma Sports Captain : Vanshika Rawat Executive Members Khushnuma Tripti Bhardwaj Gandhi House Captian : Manvi Sharma Vice Captain : Jiya Rexwal Tagore House Captain : Divyanshi Vice [...]]]></description>
				<content:encoded><![CDATA[<p>&#8220;Ride the energy of your own unique spirit&#8221; &#8211; G.Roth</p>
<pre>
<p>President                     :     Aadhya Singh<br />
Vice President                :     Sumit Yadav<br />
Secretary                     :     Sakshi Bhatt<br />
Cultural Secretary            :     Ishika Sharma<br />
Sports Captain                :     Vanshika Rawat</p>
<p><u>Executive Members</u><br />
Khushnuma<br />
Tripti Bhardwaj</p>
<p><font color="blue">Gandhi House</font><br />
Captian                       :     Manvi Sharma<br />
Vice Captain                  :     Jiya Rexwal</p>
<p><font color="green">Tagore House</font><br />
Captain                       :     Divyanshi<br />
Vice Captain                  :     Divya Thapliyal</p>
<p><font color="red">Sarojini House</font><br />
Captain                       :     Diksha Kaushaik<br />
Vice Captain                  :     Astha</p>
<p><font color="yellow">Vivekanada House</font><br />
Captain                       :     Nimisha Bhardwaj<br />
Vice Captain                  :     Jiya Singh</p>
<p>KUDOS AND CONGRATULATIONS TO ONE AND ALL!<br />
</PRE></p>
]]></content:encoded>
			<wfw:commentRss>http://www.notredamedelhi.com/activity/?feed=rss2&#038;p=717</wfw:commentRss>
		<slash:comments>0</slash:comments>
		</item>
	</channel>
</rss>
